Product,Country,Period,Adjusted Projected,In-Transit Shipments,Projected Consumption,Projected MOS,Projected Supply Plan Inventory (Inc. Intransit and Received Shipments),Received Shipments,Un-Shipped Orders,Unaccounted for Inventory Adjustments,VAN Projections,raw_Expected Requirements,raw_Monthly Inventory,raw_Prev. Monthly Consumption,raw_Projected MOS above max MOS Alert,raw_Projected MOS below min MOS Alert,raw_Projected MOS with Sugg Repl,raw_S1 - Monthly Consumption,raw_S1 - Projected Inventory,raw_S1 - Projected MOS,raw_S1 - Projected Supplies,raw_S2 - Monthly Consumption,raw_S2 - Projected Inventory,raw_S2 - Projected MOS,raw_S2 - Projected Supplies,raw_Suggested Replenishment
"Medroxyprogesterone Acetate 104 mg/0.65 mL, Subcutaneous, Pre-Filled Device",KE,2026-02,"112,883",,"96,927",0.0,"751,662",,,,0,,"751,662","116,106",0,0,,"96,927",0,0.0,,"96,927",0,0.0,,
"Medroxyprogesterone Acetate 104 mg/0.65 mL, Subcutaneous, Pre-Filled Device",KE,2026-03,"52,109",,"117,253",0.0,"686,518",,,,0,,"686,518","116,106",0,0,,"117,253",0,0.0,,"117,253",0,0.0,,
"Medroxyprogesterone Acetate 104 mg/0.65 mL, Subcutaneous, Pre-Filled Device",KE,2026-04,0,,"116,106",0.0,"570,412",,,,0,,"599,580","116,106",0,0,,"116,106",0,0.0,,"116,106",0,0.0,,
"Medroxyprogesterone Acetate 104 mg/0.65 mL, Subcutaneous, Pre-Filled Device",KE,2026-05,0,,"116,106",0.0,"454,306",,,,0,,"488,302","116,106",0,0,,"116,106",0,0.0,,"116,106",0,0.0,,
"Medroxyprogesterone Acetate 104 mg/0.65 mL, Subcutaneous, Pre-Filled Device",KE,2026-06,0,,"116,106",3.4,"338,200",,,,"396,358",,"396,358","116,106",0,0,,"116,106","396,358",3.4,,"116,106","396,358",3.4,"928,000",
"Medroxyprogesterone Acetate 104 mg/0.65 mL, Subcutaneous, Pre-Filled Device",KE,2026-07,0,,"118,660",2.3,"219,540",,,,"277,698",,,"118,660",0,0,,"118,660","277,698",2.3,,"118,660","277,698",2.3,,
"Medroxyprogesterone Acetate 104 mg/0.65 mL, Subcutaneous, Pre-Filled Device",KE,2026-08,0,"1,312,000","118,660",12.4,"2,827,380",,,,"1,471,038","2,726,500",,"118,660",0,0,24.0,"118,660","159,038",1.3,,"118,660","159,038",1.3,,"1,376,802"
"Medroxyprogesterone Acetate 104 mg/0.65 mL, Subcutaneous, Pre-Filled Device",KE,2026-09,0,,"118,660",11.4,"2,708,720",,,,"1,352,378",,,"118,660",0,0,23.0,"118,660","40,378",0.3,,"118,660","40,378",0.3,,0
"Medroxyprogesterone Acetate 104 mg/0.65 mL, Subcutaneous, Pre-Filled Device",KE,2026-10,0,,"118,660",15.1,"2,590,060",,"560,000",,"1,793,718",,,"118,660",0,0,26.7,"118,660","481,718",4.1,"560,000","118,660",0,0.0,,0
"Medroxyprogesterone Acetate 104 mg/0.65 mL, Subcutaneous, Pre-Filled Device",KE,2026-11,0,,"118,660",14.1,"2,471,400",,,,"1,675,058",,,"118,660",0,0,25.7,"118,660","513,058",4.3,"150,000","118,660",0,0.0,,0
"Medroxyprogesterone Acetate 104 mg/0.65 mL, Subcutaneous, Pre-Filled Device",KE,2026-12,0,,"118,660",13.1,"2,352,740",,,,"1,556,398",,,"118,660",0,0,24.7,"118,660","948,898",8.0,"554,500","118,660",0,0.0,,0
"Medroxyprogesterone Acetate 104 mg/0.65 mL, Subcutaneous, Pre-Filled Device",KE,2027-01,0,,"118,660",12.1,"2,234,080",,,,"1,437,738",,,"118,660",0,0,23.7,"118,660","830,238",7.0,0,"118,660",0,0.0,,0
"Medroxyprogesterone Acetate 104 mg/0.65 mL, Subcutaneous, Pre-Filled Device",KE,2027-02,0,,"118,660",11.1,"2,847,820",,,,"1,319,078","732,400",,"118,660",0,0,22.7,"118,660","1,443,978",12.2,"732,400","118,660",0,0.0,,0
"Medroxyprogesterone Acetate 104 mg/0.65 mL, Subcutaneous, Pre-Filled Device",KE,2027-03,0,,"118,660",10.1,"2,729,160",,,,"1,200,418",,,"118,660",0,0,21.7,"118,660","1,325,318",11.2,,"118,660",0,0.0,,0
"Medroxyprogesterone Acetate 104 mg/0.65 mL, Subcutaneous, Pre-Filled Device",KE,2027-04,0,,"118,660",9.1,"2,610,500",,,,"1,081,758",,,"118,660",0,0,20.7,"118,660","1,206,658",10.2,,"118,660",0,0.0,,0
"Medroxyprogesterone Acetate 104 mg/0.65 mL, Subcutaneous, Pre-Filled Device",KE,2027-05,0,,"118,660",8.1,"2,491,840",,,,"963,098",,,"118,660",0,0,19.6,"118,660","1,087,998",9.1,,"118,660",0,0.0,,0
"Medroxyprogesterone Acetate 104 mg/0.65 mL, Subcutaneous, Pre-Filled Device",KE,2027-06,0,,"118,660",7.0,"2,373,180",,,,"844,438",,,"118,660",0,0,18.4,"118,660","969,338",8.1,,"118,660",0,0.0,,0
"Medroxyprogesterone Acetate 104 mg/0.65 mL, Subcutaneous, Pre-Filled Device",KE,2027-07,0,,"121,271",6.0,"2,251,909",,,,"723,167",,,"121,271",0,0,24.0,"121,271","848,067",7.0,,"121,271",0,0.0,,"810,535"
"Medroxyprogesterone Acetate 104 mg/0.65 mL, Subcutaneous, Pre-Filled Device",KE,2027-08,0,,"121,271",5.0,"2,889,638",,,,"601,896","759,000",,"121,271",0,0,23.0,"121,271","1,485,796",12.3,"759,000","121,271",0,0.0,,0
"Medroxyprogesterone Acetate 104 mg/0.65 mL, Subcutaneous, Pre-Filled Device",KE,2027-09,0,,"121,271",4.0,"2,768,367",,,,"480,625",,,"121,271",0,0,22.0,"121,271","1,364,525",11.3,,"121,271",0,0.0,,0
"Medroxyprogesterone Acetate 104 mg/0.65 mL, Subcutaneous, Pre-Filled Device",KE,2027-10,0,,"121,271",3.0,"2,647,096",,,,"359,354",,,"121,271",0,0,21.0,"121,271","1,243,254",10.3,,"121,271",0,0.0,,0
"Medroxyprogesterone Acetate 104 mg/0.65 mL, Subcutaneous, Pre-Filled Device",KE,2027-11,0,,"121,271",2.0,"2,525,825",,,,"238,083",,,"121,271",0,0,20.0,"121,271","1,121,983",9.3,,"121,271",0,0.0,,0
"Medroxyprogesterone Acetate 104 mg/0.65 mL, Subcutaneous, Pre-Filled Device",KE,2027-12,0,,"121,271",1.0,"2,404,554",,,,"116,812",,,"121,271",0,0,19.0,"121,271","1,000,712",8.3,,"121,271",0,0.0,,0
"Medroxyprogesterone Acetate 104 mg/0.65 mL, Subcutaneous, Pre-Filled Device",KE,2028-01,0,,"121,271",0.0,"2,283,283",,,,0,,,"121,271",0,0,18.0,"121,271","879,441",7.3,,"121,271",0,0.0,,0
"Medroxyprogesterone Acetate 104 mg/0.65 mL, Subcutaneous, Pre-Filled Device",KE,2028-02,0,,"121,271",0.0,"2,910,412",,,,0,"748,400",,"121,271",0,0,24.0,"121,271","758,170",6.3,,"121,271",0,0.0,,"848,897"
"Medroxyprogesterone Acetate 104 mg/0.65 mL, Subcutaneous, Pre-Filled Device",KE,2028-03,0,,"121,271",0.0,"2,789,141",,,,0,,,"121,271",0,0,23.0,"121,271","636,899",5.3,,"121,271",0,0.0,,0
"Medroxyprogesterone Acetate 104 mg/0.65 mL, Subcutaneous, Pre-Filled Device",KE,2028-04,0,,"121,271",0.0,"2,667,870",,,,0,,,"121,271",0,0,22.0,"121,271","515,628",4.3,,"121,271",0,0.0,,0
"Medroxyprogesterone Acetate 104 mg/0.65 mL, Subcutaneous, Pre-Filled Device",KE,2028-05,0,,"121,271",0.0,"2,546,599",,,,0,,,"121,271",0,0,21.0,"121,271","394,357",3.3,,"121,271",0,0.0,,0
"Medroxyprogesterone Acetate 104 mg/0.65 mL, Subcutaneous, Pre-Filled Device",KE,2028-06,0,,"121,271",0.0,"2,425,328",,,,0,,,"121,271",0,0,20.0,"121,271","273,086",2.3,,"121,271",0,0.0,,0
"Medroxyprogesterone Acetate 104 mg/0.65 mL, Subcutaneous, Pre-Filled Device",KE,2028-07,0,,,,"2,425,328",,,,0,,,,0,0,,,"273,086",,,,0,,,
"Medroxyprogesterone Acetate 104 mg/0.65 mL, Subcutaneous, Pre-Filled Device",KE,2028-08,0,,,,"2,425,328",,,,0,,,,0,0,,,"273,086",,,,0,,,
"Medroxyprogesterone Acetate 150 mg/mL (1 mL) Vial, Intramuscular",KE,2026-02,"12,260",,"102,643",0.0,"444,079",,,,0,,"444,079","216,901",0,0,,"102,643",0,0.0,,"102,643",0,0.0,"1,515,005",
"Medroxyprogesterone Acetate 150 mg/mL (1 mL) Vial, Intramuscular",KE,2026-03,"5,279",,"95,380",0.0,"353,978",,,,0,,"353,978","216,901",0,0,,"95,380",0,0.0,,"95,380",0,0.0,"1,405,595",
"Medroxyprogesterone Acetate 150 mg/mL (1 mL) Vial, Intramuscular",KE,2026-04,0,,"216,901",0.0,"137,077",,,,0,,"280,974","216,901",0,0,,"216,901",0,0.0,,"216,901",0,0.0,,
"Medroxyprogesterone Acetate 150 mg/mL (1 mL) Vial, Intramuscular",KE,2026-05,0,,"216,901",0.0,0,,,,0,,"203,985","216,901",0,0,,"216,901",0,0.0,,"216,901",0,0.0,,
"Medroxyprogesterone Acetate 150 mg/mL (1 mL) Vial, Intramuscular",KE,2026-06,0,,"216,901",0.7,0,"310,000",,,"150,029",,"150,029","216,901",0,0,,"216,901","150,029",0.7,,"216,901","150,029",0.7,,
"Medroxyprogesterone Acetate 150 mg/mL (1 mL) Vial, Intramuscular",KE,2026-07,0,,"221,673",2.8,0,,,"700,000","628,356",,,"221,673",0,0,,"221,673",0,0.0,,"221,673",0,0.0,,
"Medroxyprogesterone Acetate 150 mg/mL (1 mL) Vial, Intramuscular",KE,2026-08,0,"150,000","221,673",2.5,"5,281,927",,,,"556,683","5,503,600",,"221,673",0,0,24.0,"221,673",0,0.0,,"221,673","1,184,006",5.3,"1,405,679","4,763,469"
"Medroxyprogesterone Acetate 150 mg/mL (1 mL) Vial, Intramuscular",KE,2026-09,0,,"221,673",2.2,"5,060,254",,,"150,000","485,010",,,"221,673",0,0,23.7,"221,673",0,0.0,,"221,673","962,333",4.3,,0
"Medroxyprogesterone Acetate 150 mg/mL (1 mL) Vial, Intramuscular",KE,2026-10,0,,"221,673",1.6,"4,838,581",,"100,000",,"363,337",,,"221,673",0,0,23.1,"221,673",0,0.0,"119,000","221,673","740,660",3.3,,0
"Medroxyprogesterone Acetate 150 mg/mL (1 mL) Vial, Intramuscular",KE,2026-11,0,,"221,673",0.6,"4,616,908",,,,"141,664",,,"221,673",0,0,22.1,"221,673","278,327",1.3,"500,000","221,673","518,987",2.3,,0
"Medroxyprogesterone Acetate 150 mg/mL (1 mL) Vial, Intramuscular",KE,2026-12,0,,"221,673",0.0,"4,395,235",,,,0,,,"221,673",0,0,21.1,"221,673","3,781,254",17.1,"3,724,600","221,673","297,314",1.3,,0
"Medroxyprogesterone Acetate 150 mg/mL (1 mL) Vial, Intramuscular",KE,2027-01,0,,"221,673",0.0,"4,173,562",,,,0,,,"221,673",0,0,20.1,"221,673","3,559,581",16.1,,"221,673","75,641",0.3,,0
"Medroxyprogesterone Acetate 150 mg/mL (1 mL) Vial, Intramuscular",KE,2027-02,0,,"221,673",0.0,"5,320,089",,,,0,"1,368,200",,"221,673",0,0,19.1,"221,673","4,706,108",21.2,"1,368,200","221,673",0,0.0,,0
"Medroxyprogesterone Acetate 150 mg/mL (1 mL) Vial, Intramuscular",KE,2027-03,0,,"221,673",0.0,"5,098,416",,,,0,,,"221,673",0,0,18.1,"221,673","4,484,435",20.2,,"221,673",0,0.0,,0
"Medroxyprogesterone Acetate 150 mg/mL (1 mL) Vial, Intramuscular",KE,2027-04,0,,"221,673",0.0,"4,876,743",,,,0,,,"221,673",0,0,24.0,"221,673","4,262,762",19.2,,"221,673","1,184,018",5.3,"1,405,691","1,523,384"
"Medroxyprogesterone Acetate 150 mg/mL (1 mL) Vial, Intramuscular",KE,2027-05,0,,"221,673",0.0,"4,655,070",,,,0,,,"221,673",0,0,22.8,"221,673","4,041,089",18.1,,"221,673","962,345",4.3,,0
"Medroxyprogesterone Acetate 150 mg/mL (1 mL) Vial, Intramuscular",KE,2027-06,0,,"221,673",0.0,"4,433,397",,,,0,,,"221,673",0,0,21.7,"221,673","3,819,416",17.0,,"221,673","740,672",3.3,,0
"Medroxyprogesterone Acetate 150 mg/mL (1 mL) Vial, Intramuscular",KE,2027-07,0,,"226,550",0.0,"4,206,847",,,,0,,,"226,550",0,0,20.5,"226,550","3,592,866",15.9,,"226,550","514,122",2.3,,0
"Medroxyprogesterone Acetate 150 mg/mL (1 mL) Vial, Intramuscular",KE,2027-08,0,,"226,550",0.0,"5,398,197",,,,0,"1,417,900",,"226,550",0,0,19.5,"226,550","4,784,216",21.1,"1,417,900","226,550","287,572",1.3,,0
"Medroxyprogesterone Acetate 150 mg/mL (1 mL) Vial, Intramuscular",KE,2027-09,0,,"226,550",0.0,"5,171,647",,,,0,,,"226,550",0,0,18.5,"226,550","4,557,666",20.1,,"226,550","61,022",0.3,,0
"Medroxyprogesterone Acetate 150 mg/mL (1 mL) Vial, Intramuscular",KE,2027-10,0,,"226,550",0.0,"4,945,097",,,,0,,,"226,550",0,0,24.0,"226,550","4,331,116",19.1,,"226,550","1,207,161",5.3,"1,372,689","1,466,594"
"Medroxyprogesterone Acetate 150 mg/mL (1 mL) Vial, Intramuscular",KE,2027-11,0,,"226,550",0.0,"4,718,547",,,,0,,,"226,550",0,0,23.0,"226,550","4,104,566",18.1,,"226,550","980,611",4.3,,0
"Medroxyprogesterone Acetate 150 mg/mL (1 mL) Vial, Intramuscular",KE,2027-12,0,,"226,550",0.0,"4,491,997",,,,0,,,"226,550",0,0,22.0,"226,550","3,878,016",17.1,,"226,550","754,061",3.3,,0
"Medroxyprogesterone Acetate 150 mg/mL (1 mL) Vial, Intramuscular",KE,2028-01,0,,"226,550",0.0,"4,265,447",,,,0,,,"226,550",0,0,21.0,"226,550","3,651,466",16.1,,"226,550","527,511",2.3,,0
"Medroxyprogesterone Acetate 150 mg/mL (1 mL) Vial, Intramuscular",KE,2028-02,0,,"226,550",0.0,"5,437,197",,,,0,"1,398,300",,"226,550",0,0,20.0,"226,550","3,424,916",15.1,,"226,550","300,961",1.3,,0
"Medroxyprogesterone Acetate 150 mg/mL (1 mL) Vial, Intramuscular",KE,2028-03,0,,"226,550",0.0,"5,210,647",,,,0,,,"226,550",0,0,19.0,"226,550","3,198,366",14.1,,"226,550","74,411",0.3,,0
"Medroxyprogesterone Acetate 150 mg/mL (1 mL) Vial, Intramuscular",KE,2028-04,0,,"226,550",0.0,"4,984,097",,,,0,,,"226,550",0,0,18.0,"226,550","2,971,816",13.1,,"226,550",0,0.0,,0
"Medroxyprogesterone Acetate 150 mg/mL (1 mL) Vial, Intramuscular",KE,2028-05,0,,"226,550",0.0,"4,757,547",,,,0,,,"226,550",0,0,24.0,"226,550","2,745,266",12.1,,"226,550",0,0.0,,"1,585,850"
"Medroxyprogesterone Acetate 150 mg/mL (1 mL) Vial, Intramuscular",KE,2028-06,0,,"226,550",0.0,"4,530,997",,,,0,,,"226,550",0,0,23.0,"226,550","2,518,716",11.1,,"226,550",0,0.0,,0
"Medroxyprogesterone Acetate 150 mg/mL (1 mL) Vial, Intramuscular",KE,2028-07,0,,,,"4,530,997",,,,0,,,,0,0,,,"2,518,716",,,,0,,,
"Medroxyprogesterone Acetate 150 mg/mL (1 mL) Vial, Intramuscular",KE,2028-08,0,,,,"4,530,997",,,,0,,,,0,0,,,"2,518,716",,,,0,,,
"Norethisterone Enantate/Estradiol Valerate 50/5 mg/mL (1 mL) Ampoule, Intramuscular",KE,2026-02,,,,,,,,,0,,,,0,0,,,0,,,,0,,,
"Norethisterone Enantate/Estradiol Valerate 50/5 mg/mL (1 mL) Ampoule, Intramuscular",KE,2026-03,,,,,,,,,0,,,,0,0,,,0,,,,0,,,
"Norethisterone Enantate/Estradiol Valerate 50/5 mg/mL (1 mL) Ampoule, Intramuscular",KE,2026-04,,,,,,,,,0,,,,0,0,,,0,,,,0,,,
"Norethisterone Enantate/Estradiol Valerate 50/5 mg/mL (1 mL) Ampoule, Intramuscular",KE,2026-05,,,,,,,,,0,,,,0,0,,,0,,,,0,,,
"Norethisterone Enantate/Estradiol Valerate 50/5 mg/mL (1 mL) Ampoule, Intramuscular",KE,2026-06,,,,,,,,,0,,,,0,0,,,0,,,,0,,,
"Norethisterone Enantate/Estradiol Valerate 50/5 mg/mL (1 mL) Ampoule, Intramuscular",KE,2026-07,,,,,,,,,0,,,,0,0,,,0,,,,0,,,
"Norethisterone Enantate/Estradiol Valerate 50/5 mg/mL (1 mL) Ampoule, Intramuscular",KE,2026-08,,,,,,,,,0,,,,0,0,,,0,,,,0,,,
"Norethisterone Enantate/Estradiol Valerate 50/5 mg/mL (1 mL) Ampoule, Intramuscular",KE,2026-09,,,,,,,,,0,,,,0,0,,,0,,,,0,,,
"Norethisterone Enantate/Estradiol Valerate 50/5 mg/mL (1 mL) Ampoule, Intramuscular",KE,2026-10,,,,,,,,,0,,,,0,0,,,0,,,,0,,,
"Norethisterone Enantate/Estradiol Valerate 50/5 mg/mL (1 mL) Ampoule, Intramuscular",KE,2026-11,,,,,,,,,0,,,,0,0,,,0,,,,0,,,
"Norethisterone Enantate/Estradiol Valerate 50/5 mg/mL (1 mL) Ampoule, Intramuscular",KE,2026-12,,,,,,,,,0,,,,0,0,,,0,,,,0,,,
"Norethisterone Enantate/Estradiol Valerate 50/5 mg/mL (1 mL) Ampoule, Intramuscular",KE,2027-01,,,,,,,,,0,,,,0,0,,,0,,,,0,,,
"Norethisterone Enantate/Estradiol Valerate 50/5 mg/mL (1 mL) Ampoule, Intramuscular",KE,2027-02,,,,,,,,,0,,,,0,0,,,0,,,,0,,,
"Norethisterone Enantate/Estradiol Valerate 50/5 mg/mL (1 mL) Ampoule, Intramuscular",KE,2027-03,,,,,,,,,0,,,,0,0,,,0,,,,0,,,
"Norethisterone Enantate/Estradiol Valerate 50/5 mg/mL (1 mL) Ampoule, Intramuscular",KE,2027-04,,,,,,,,,0,,,,0,0,,,0,,,,0,,,
"Norethisterone Enantate/Estradiol Valerate 50/5 mg/mL (1 mL) Ampoule, Intramuscular",KE,2027-05,,,,,,,,,0,,,,0,0,,,0,,,,0,,,
"Norethisterone Enantate/Estradiol Valerate 50/5 mg/mL (1 mL) Ampoule, Intramuscular",KE,2027-06,,,,,,,,,0,,,,0,0,,,0,,,,0,,,
"Norethisterone Enantate/Estradiol Valerate 50/5 mg/mL (1 mL) Ampoule, Intramuscular",KE,2027-07,,,,,,,,,0,,,,0,0,,,0,,,,0,,,
"Norethisterone Enantate/Estradiol Valerate 50/5 mg/mL (1 mL) Ampoule, Intramuscular",KE,2027-08,,,,,,,,,0,,,,0,0,,,0,,,,0,,,
"Norethisterone Enantate/Estradiol Valerate 50/5 mg/mL (1 mL) Ampoule, Intramuscular",KE,2027-09,,,,,,,,,0,,,,0,0,,,0,,,,0,,,
"Norethisterone Enantate/Estradiol Valerate 50/5 mg/mL (1 mL) Ampoule, Intramuscular",KE,2027-10,,,,,,,,,0,,,,0,0,,,0,,,,0,,,
"Norethisterone Enantate/Estradiol Valerate 50/5 mg/mL (1 mL) Ampoule, Intramuscular",KE,2027-11,,,,,,,,,0,,,,0,0,,,0,,,,0,,,
"Norethisterone Enantate/Estradiol Valerate 50/5 mg/mL (1 mL) Ampoule, Intramuscular",KE,2027-12,,,,,,,,,0,,,,0,0,,,0,,,,0,,,
"Norethisterone Enantate/Estradiol Valerate 50/5 mg/mL (1 mL) Ampoule, Intramuscular",KE,2028-01,,,,,,,,,0,,,,0,0,,,0,,,,0,,,
"Norethisterone Enantate/Estradiol Valerate 50/5 mg/mL (1 mL) Ampoule, Intramuscular",KE,2028-02,,,,,,,,,0,,,,0,0,,,0,,,,0,,,
"Norethisterone Enantate/Estradiol Valerate 50/5 mg/mL (1 mL) Ampoule, Intramuscular",KE,2028-03,,,,,,,,,0,,,,0,0,,,0,,,,0,,,
"Norethisterone Enantate/Estradiol Valerate 50/5 mg/mL (1 mL) Ampoule, Intramuscular",KE,2028-04,,,,,,,,,0,,,,0,0,,,0,,,,0,,,
"Norethisterone Enantate/Estradiol Valerate 50/5 mg/mL (1 mL) Ampoule, Intramuscular",KE,2028-05,,,,,,,,,0,,,,0,0,,,0,,,,0,,,
"Norethisterone Enantate/Estradiol Valerate 50/5 mg/mL (1 mL) Ampoule, Intramuscular",KE,2028-06,,,,,,,,,0,,,,0,0,,,0,,,,0,,,
"Norethisterone Enantate/Estradiol Valerate 50/5 mg/mL (1 mL) Ampoule, Intramuscular",KE,2028-07,,,,,,,,,0,,,,0,0,,,0,,,,0,,,
"Norethisterone Enantate/Estradiol Valerate 50/5 mg/mL (1 mL) Ampoule, Intramuscular",KE,2028-08,,,,,,,,,0,,,,0,0,,,0,,,,0,,,
